email,fname,lname,mobile
009746e340b161_d3af03bb553480c64052@protonmail.com,CPJPE,YXHQGFZXZOPXA,639457233017
01282f45_4410@protonmail.com,LKJV,EANN,639075960189
017ca04fa021a58f7006b1d9_3967ab4632f312d59f@protonmail.com,DLUXKBLOVU,DMQHVKMZI,639181569419
019c2d31044e356fc54c_1bed8f3b884cc5645f914738f448@hotmail.com,PLGOMG,ZVZBZBQSEGFA,639079444305
01cd74b87a9869ecb984.05bc878c70ef2511@gmail.com,DDLCCN,LSGARDW,639282052265
035706c351406fd81d85aaa1.f9c611e69d8f048b3b4d3236@yahoo.com,ZMSGBQEQMEW,RRGBHQYHOX,639169833183
0408cc08049ccea02949.7cc3179a792b@hotmail.com,JHOCGW,AIGSOD,639278509061
046117e5d6dcd29cc28488fb0d18bd@protonmail.com,DBU,FKLGVAJI,639478812866
04656f1f8ad3.76223cd4bc20ff4f43eec694@gmail.com,ISU,DIMBBERNKX,639382869224
047b0c3e99a1ca46e7a2992f2021495e313070087924@yahoo.com,VNDRCRTS,EWTV,639057219593
04fca6124d5b9250f6cfca20.227fab98c82dedd6baffb549@hotmail.com,VEJVXOYVKJ,CPGAXWLT,639182411476
0530cd5f1a3225ba6cda3d084dda@hotmail.com,HVFW,QMLGQCWUHGC,639375817791
05d4625c05bb22a0.f36ad0b829608036@yahoo.com,QGTFGPSIV,ETIWSCNLAZB,639464978529
05f92b30_17da14488b004c3b6e@hotmail.com,LOR,GBTM,639253195848
065f2647b8a3b57f17ea81.b219d9c4fd4446c3a3fbabdba7@yahoo.com,RIK,VEKSU,639353252513
06abaeee4ab117a02c793c0c@protonmail.com,FMXDERXCD,XS,639081604241
080c6c556af4147a041abc9b35a421cf73b8d1@yahoo.com,HHD,KOOAJJVXC,639467948893
08cee23c45e2df@hotmail.com,CTQ,HLSYVR,639374344561
094242afca@yahoo.com,RIXNVDYQQ,BQUKJLHQ,639089520605
0ac72c9b111b101781b0717f8f@gmail.com,UYNNZUMDBI,OOVK,639482083777
0ac990284c7f7850.af42@protonmail.com,JQHZ,DZ,639079215053
0b6ca80a0b7827afc8_9c06a31a50ae8f99ba95@protonmail.com,XWODWYQWX,ITDTQF,639352004340
0b750a4f2c7378b7.28dbf852738251b47e7120@protonmail.com,BEFYQIOZ,LEWAFVMNTJY,639178438221
0bc5aedf27b599415eeefefc@hotmail.com,XDTVKU,XHINQDFWWTDQR,639357177628
0ccf0b0b88797e.fecc71@hotmail.com,TGQ,ZCVQXRPAXGPEV,639258509467
0f137d0373c01b95bd245597df@hotmail.com,HZVTYDDMVRO,UPFTFF,639177599909
100c93a3f8_52034502bc@yahoo.com,OMRAXR,PIYBXRXYHNGZ,639483113224
12461b77d485b840@yahoo.com,YCEKGDY,UUENZHIRAM,639366004202
134d05d87f964602db8ee712.1aab2ebe5d5d8dddd4ebb6@protonmail.com,KRDBIHL,CXGFOIAZRZ,639187277297
1350ba7c5f1b6f7e834fda@gmail.com,VTBDHGXLU,QZLCVMNTQSPTS,639378626229
14075a.eb13d6@protonmail.com,LSRK,UNMFAUNFEOXYI,639486864352
14899c94cd88c4.75ccd91c04be3136@yahoo.com,KEXSLT,XIXDGJ,639487188224
15c8ddb7a81185151f5672bc314eff@gmail.com,HNCWKMTAR,DZARSNYTYOD,639264188183
15ebedb3f45964df77f4c2dd_00882b@protonmail.com,KTVZMLUIYNZA,BUQ,639069837928
17e4d70d2f_57941f1cad8533faf6@hotmail.com,MFGJBE,JDL,639253427099
198b8458ce2be50fc10bf9c855a638d211@gmail.com,KTA,BZJLGM,639075220930
1998c4c17c6082847de739c49508aa@yahoo.com,GSJAGOJQE,BTBMVYPPAX,639167034977
1a62ea55a2678e_1eddb328@protonmail.com,BIIHPOXRV,JMUBRD,639257650454
1ae50b67_ece5d32a8879758b@hotmail.com,ULTPXHUUE,XHYUWBDISABEJ,639056283898
1bdf1fe36f7f4931@gmail.com,UWQKSKWW,VP,639355407180
1ccf85a5d7a3_c10c35905985b12e1fad0276b8@protonmail.com,ODYAAFW,SSREGK,639268266982
1d4a925a.457087a2@protonmail.com,FHKLVHGXH,MEMEM,639065711933
1dd39d3b8c1379@protonmail.com,EWNH,RA,639362652925
1f4de7d041c586cd.25e7@gmail.com,QWNCCL,FHOTXTPY,639156136925
2177f9c81d70047fae5cb0957ca14834a2d1a81cbd@hotmail.com,HMW,UWDZ,639177229542
21bb44688d_e46edfff3b@yahoo.com,OHIMO,UC,639182352396
227785bd5f4524614d59235bfb30@protonmail.com,FQJNVYK,JQ,639175371804
22989a43e846e5.35018fdc3a5b@protonmail.com,QLNGIPVPZKTD,RHCSCNYCJQ,639088270683
239eead5fa_b76f498340de@gmail.com,XQBOOUSTQVA,GKPPWVMBLTI,639061517387
23a067b0d3bb37b0f169e9a6_b8816f66c88c4dfa790da8ac35@hotmail.com,CMVVEUBIM,JSLAACEUSNG,639277981690
24cc3b5a56a0dd14b542b7e939@protonmail.com,NNREUHXNLNMO,JTQMSZWPROFR,639266008546
26106bbc9d1a_a2972f691e@protonmail.com,MQRZJTYWXV,SEUT,639278509899
26c80fa7aa7b9f_cbacada03a105106b6fa2df9@protonmail.com,DOPKFPZVSA,HO,639261016271
285a010276150a.a95890eecc4a7666d6a2@protonmail.com,TORDVCP,MHDG,639061476121
2a0b5c28.baf5aa6f5687da7da727a3f97e79@protonmail.com,ZAURSKI,YPFVG,639186202226
2a67cd97.54f01a49e8e6@hotmail.com,MOGEPRIKN,GZP,639278082865
2a6cf3f5993be9453eb31000f4e615e297ff9beb@protonmail.com,SDGWJUJCTQGZ,YDLCJXKECXI,639484260539
2aad638e.8d2db793a46055@protonmail.com,BAVDZMO,OOUQT,639053189223
2b316b823ac0d42afcca19.805bf60972fc3a7cd970b0ed@gmail.com,DLLPZXRQJAG,PXMXLOPSXMY,639067024115
2ce16e5dcbea6eb487797a7b5b9b868c945d@hotmail.com,NZQZJZWE,TGDWSHDXDP,639455023151
2d3d7a12d4.22de51d613c02b20105fd9@hotmail.com,HUR,UUYO,639178791804
2e936c39fecbc8c6432620fb36fcf77e925e@gmail.com,MDEOTQAC,YSDSNJSXDLGCM,639169083323
2f9b0cdd678f23bd03.db13@protonmail.com,RILIODGLPZXZ,IOITIHZWCUZD,639175318764
303dd8edf94ac0f34a11@yahoo.com,PSWXAPD,LTHIV,639065914687
30e801e20b07433449607652ddbe1b3f55b48e@gmail.com,STGWUBMDBU,CGUMJFANHIN,639278521878
31b8ee563c63dfe2eed228dab2cfa59b@yahoo.com,BZRIRHPDRGWO,ETAKY,639083135167
321e1e28dacab93cbeb244b145994b2c@hotmail.com,GQLTMV,KS,639172403400
32a715da14ed002f1777220f0cbb@protonmail.com,KHNEOMIO,TOUTQ,639369199757
340773419ff5_15ca3e5223fded6231d1c8a6@hotmail.com,FKQENZMRT,NDNQQXJPBSJ,639066426823
356f3dfaf9e5f5cc85@gmail.com,TQQYGTBHMTO,QEDBICM,639168507049
36f0b824de61_0680efbd9b34b51ccdce695bfbcd@protonmail.com,IFXTIYZVOSNT,TEPLMDOQCWV,639071646063
376f6dcbfd35dbdf0ff07f5609c55acf56b5cf2ff6@gmail.com,LMCZYTCD,QYSJKWLCOLPYA,639068966194
37949605_6fb9a424dc368da1448e9d8f@yahoo.com,KNLXMWYMNW,FSTK,639176506291
37f04bdbaf1c2449fce536112e83192771@yahoo.com,KTPWQKDGZM,PSKLIY,639065663211
389a920575.08f624800432e014ccd429efc2@protonmail.com,LSOARBGD,XVQFRAYJWUHWBH,639464985373
3b6942997259515b7a36f67060f6179251@protonmail.com,LYME,DLJX,639064432501
3bea8a30e70b3e7100e667e83d@hotmail.com,AJYFTEUVJ,ACSLYLNIEE,639277382789
3ce2132f4a80e22f99.26363e1f@protonmail.com,MIVGYDVHWMT,GSTTATEQGMIVR,639253702155
3ef8505a8dda.3e2544ce09e3e41ff4e5@protonmail.com,SDFX,PRNXQ,639087241643
3f4c6879914e402882ca.3728f0@yahoo.com,ENSVQBOYRLIB,EQM,639184171604
3f6211415584881d27f5@hotmail.com,NPUA,DQCPAVQDHUQUGJ,639475183164
3fa10cc1d66a57.594258@yahoo.com,LOAU,BFWNWMCX,639156536623
40c5c6c091d0fbdc3e401ea246fb880816f0f3e46b8a@protonmail.com,VTG,XXPFFVFCGMG,639352077858
436c164dd8e241d49ff53129.791ef14a6243c4981349a02b@protonmail.com,AFIKBTWJ,XWRUWZZZ,639155151794
43a9e2be4016_ab059054098e66f8cb@protonmail.com,GUYIMB,DAHCCDLEOZ,639076785248
441c95bed4a7c695f7b57150043c8d0d6a51caefd6477ed1@gmail.com,DSDX,IVXDHPXSI,639068241584
45ec0f6295cadeaefb.b60d2301c80858c2bf9602441644@yahoo.com,WIBLTDH,PQ,639382836834
4658263f967de073325606254d0121cb22045b@yahoo.com,LSYMPKQ,AZKNBUKCYBJPCJ,639375063303
4684ad3dc3a29592fc6e256e226f706dd0389cb51607@yahoo.com,MSN,NXGBFKAV,639472883158
46b2a5444dba5551fa3d7a5c659cdb@gmail.com,IIZVPSMVXBY,VM,639288877111
46bb8100d85a_cdf5@protonmail.com,YFYIZGA,VO,639278512151
4a5d307b142124cec3c7677459b0df15cf@yahoo.com,EBVAAWYSA,LLZHGJBT,639154612585
4a5da8_40692d20891870bd58a22e8d6081@yahoo.com,CVKNHSSXI,NWBCAALVZCLN,639189718584
4d2047f7d55ae7.011b11ce184535bd@yahoo.com,YXQWFUQRDC,CS,639265036450
4e79663c42d514ed02f32d42@gmail.com,ZTUIRXYMBUTF,EBI,639389149208
4ef93a8eaf4de132@gmail.com,ZFAMMDIQ,BRIYHOOGYGW,639055734396
4f2dea428a93c4908b_b7f71a8d@hotmail.com,EEHRXDH,DHPFS,639166595811
5009c65b25a27a_03dd7014@yahoo.com,EZWTPZFU,SHLHZBHQB,639455961296
52b30d863185d8762c250d856d575c@yahoo.com,VZNSHQWNRYLJ,GFC,639059517075
53fc53ad7af002a5625d9239@hotmail.com,SHFVDHJV,BQ,639087249070
54aada62fb90f8_8120@hotmail.com,KPD,LNVHNFJ,639051690805
550c6a594f1d9779.357a7a71a72b0dff@protonmail.com,VNEEOMLE,QLXYJBEGL,639258699005
559546affc73d0af446b0a20.da27df3b1fefdd1ca6657345@yahoo.com,PJVHGJRTFS,NXSJGISY,639362602805
55a83f9eca7c1e62da2a_fc67811def853c874cd6d503@yahoo.com,QEKWITD,ERVPJZO,639182471379
55f922ecec558b5fb782_53fa55519b8e9f258f1c@hotmail.com,AYVO,HTACK,639067458335
5753a28683fe3533e3dfa5ef.bf06ccbffb78306b@hotmail.com,IILQXIEOJQF,VPCSDGJJ,639075389857
57bbc0cb55_f1b481b2@hotmail.com,IZIJIVEGQPBA,BGB,639186763196
58250bd357b0623a3f.5285c662e33bcf7c@protonmail.com,CIASMIC,QJUMIZYBTPUC,639456902444
586f97.47a212021cbdb923122a0fc7b2ad@hotmail.com,PHOFV,EJGNSWZ,639185006509
588928a888c9.a2cfd0ff559d2fd2d8e2@yahoo.com,IZNEHXNIQII,NRDBSTWSBKZB,639089196727
59f21b361081d34b3bee5fa663f9a0@yahoo.com,ROX,QXIHAHTNX,639376562382
59f2ec628561a7b6b0@yahoo.com,JKDORWVIJ,SHSPATBRFZ,639451356243
5b3f40ea403b1504ea_50efe19d14f1b9f8385eb13f@hotmail.com,UXWDEM,KQWFFRCVXWYJA,639051494750
5b6b9fe7e30a0f1229c84cc919684b7a62@yahoo.com,YCNCSFZ,VTQJEJWSSY,639168205150
5c7bb9214de2_9c1a250cdc1f0307a0d322@protonmail.com,EIJOZIFITPJJ,XMRAQOMFEURRQA,639162367095
5ed9cbaba596d878211e.ec462619c1f6b394ae59d8@hotmail.com,VVJWBLHNPQAC,UWURJOIZ,639252555210
5f1024.dceffb8429b6ab3dc3d5@yahoo.com,IWWRPIDAYQY,LZPVEKJL,639169123584
6008c34701a7aa.b4ceaf2bf6635fc7df2cf72c713b@yahoo.com,BYBKXMN,CCOHRPFNENMFSG,639472160182
605a643fb1374e14_7097e54b97273e02cc7c8b6e@protonmail.com,AQX,TPCDAVJVAC,639154138417
615b7ab0c9b11fa7ad_e692@hotmail.com,DVBZK,MXGT,639455253607
61745850dd_3db84de7808814d94f5b6e@protonmail.com,QCFMQM,FGLQNSXACC,639464203079
6187188956aa544a_6ee35f1b681fae816ff1@gmail.com,KVVWZIHWMJZP,IOMB,639484821217
625b402d05f3109326c66e7bce50b73774427a0866033de9@gmail.com,NBNCBSCI,PLERHSGQTGV,639155445098
633f852c3b8e1118e4bb71749defbd2efd351558fa@gmail.com,QHQYHYXXK,KQPCXHHOBYOZDB,639352708113
65616f_82bfb1aaf043924740f8ed5e67b0@yahoo.com,IKJ,BKMHP,639077139667
658574e38e1322dd_cec50e42@protonmail.com,SDXH,JVKCTUGQMN,639072184089
663e8331ec6748ea@hotmail.com,KGD,VJAPMQOCEVSD,639385155595
671390dc4a265549263c90@gmail.com,XLHDBRPPFSU,QTADNSLHAGKW,639354346841
68e07be168d617b9@yahoo.com,EBJGILKU,KXJDVWSEYP,639161607677
69151dad2d8f8e731a0b0c18f4b6@yahoo.com,MFFIVXKFWIG,VPQZ,639182772165
6a51756bf4c6fdfe2ce3605c76f164a5a415@protonmail.com,WWIVXIYXBNZD,HSGE,639367657764
6a5f7921e21b3194b6909a0f4a7658d234f685d7@hotmail.com,FRCTDIMJCDF,ETOTURRBAPR,639186864601
6b8d2e3a8e173c1ff226509831f66f0f2ae12f5b0c@hotmail.com,AEIJBXZHPLJ,PBBKPT,639484020837
6bac4e0d933c87_24b83a8eb3f2@yahoo.com,IXOYZBUEVUZR,HPBOCIEGWPT,639168391322
6c451daf3767d4dfb5.0c34@gmail.com,RXFOFXGXGDZQ,CTNKOOLYIODQUM,639154718750
6c5f487f71986764921cbfdc53@yahoo.com,NVSGQQHHEFR,WNJQDKG,639467237201
6e6804439c80ca085a60e4e49afabbe2ca@protonmail.com,ZTUHGYK,EOML,639086138945
6e99b6c735c2ebf0dbaa15a7a85648@hotmail.com,KUT,CRPZBEQPDMCEF,639477127116
701a2fd8ab.0719d8ad@gmail.com,PLILAEUCA,VQYPFMPMY,639451842223
70244b5ad7f8e9.844a2fd1e3f7a821950bf4@hotmail.com,GROXQA,OXKTIWAPQ,639369455913
70491013cbd360d411cc9ed9c6@yahoo.com,MAXCVEJ,VKHLPUCPL,639086232886
70b929c8a4c7fc13702b39b9@yahoo.com,OVLKPQMNGL,GUHGUALCCJLW,639059305218
7154f3459d16c517_c4bba17ae7a229c30b@yahoo.com,NYZIPWRSQDL,SHR,639075264387
724598b22be0c5475115c1b396ce456f@yahoo.com,HLDFZTC,DROVGSHJWVSRHW,639175210655
728726557d2b_522533bd22220bc931e453469c86@gmail.com,FFV,BDO,639453090053
72c8b4886ef25287_4e6d@protonmail.com,UOSPGEAMOK,KO,639375718059
74d172fa395322_5365c746ed506ee8a1a34a62dc@yahoo.com,NWNYES,UBT,639188094266
76f56d761fb516.d8e8d54bea9fe8a9bfe65a864a@hotmail.com,LHLGP,FF,639377484943
78058171d48cb64fb0fd492c0a3d73ba0f4f5994@yahoo.com,KYSWLLKT,TRPIKAZNSPOLUZ,639389571306
79c1620f6d8e1c5be4dee8e0@protonmail.com,LKJHMNJ,CXBDIZFGBLOXNX,639357556771
7a230aca110f_11fa79fde805@gmail.com,NKXENS,AUQBYBCUTA,639263585688
7aac001786bd28fac10696fad4944ae58bdd72@hotmail.com,PCUEP,AFGPJPH,639259546621
7cf3ee2f0ce0820d.76623328b14847@hotmail.com,STNII,YENFXGGRTFUZ,639288272394
7f1326ce1d3a1cb05f86a5e2.7469466e07d7d9564ad9b8@gmail.com,ZOF,ESDFHRZJNBY,639187546322
7f6fbba1e65faeb0b10a_2baa@yahoo.com,WNENDVA,ODYKHZZFWIMO,639279309829
7f8ab7e79159bb055adee4_c43d6a714034f6162e@yahoo.com,ACLBCRZSU,CZ,639465121230
80969be029a96448e58d2b4a.66e41c782d2c81@gmail.com,AORVLQH,WSHYSEQ,639462640274
821ef1eb3f3d48db47@yahoo.com,KEQYSBYMX,ZEKEDOEBGJANXV,639469302708
82a3b1bb82a7.cf5f7d5da7f22e2609d91bd801ca@hotmail.com,XXXRVLRRETD,DTIMQBSUIKUXC,639488194765
837a19a79059f229f27a.7f7a26@hotmail.com,UAN,JCY,639466142267
844fa506a707f525_4e8215a93628a0697e@gmail.com,FNYS,FBZVDQOD,639085982803
845529fa2f56a58807fc49dc2ca5bc8280@yahoo.com,VOHFQDPTOTHR,MAJNXQPRJ,639253862512
852e0c7d.eb8d63ff508e43@protonmail.com,RDLGNXV,TO,639266412037
85abc3fc7193bd0f012d@gmail.com,IGQFE,NMBALDAP,639458143356
863e6e4c4753_531e1c920856a87f1c5c85b43474@hotmail.com,FUXAGAHKQ,XKXERUSQDLTPS,639456263150
86b0b3ea.9d85e845e72f54612f@protonmail.com,QBZYCFCMFJ,ETZRNXE,639471870010
87b1c7b46adf7674696f45001c71cdca96a29d@protonmail.com,PUEYZQ,QPRKXLXFMAA,639055577457
87e1240e353b71505c78a84b16132161cd84e614f234@hotmail.com,LUCWDGICUUFC,ZGFRBAJ,639485833994
888af127e5b7109346e882.8c2f0b3a7a04455557ca46@hotmail.com,SRFXTOI,TNJT,639183231425
88ad6faa90a2ee9d.bdf9153eff5ba94942d8e1@protonmail.com,UWRYC,FCYKQPRYKEF,639053275083
89463a2f0dfada27e3@hotmail.com,EMKZZHSMBXIN,AQERTJIOW,639459646702
898a6ab17435db90_864382d460@protonmail.com,ZRINRGKKEP,CKMQFSOMFDW,639156327148
89dfb7_ab11adbcd12d9b@hotmail.com,EXYUF,ORIXKDNHABKOS,639373915343
8a08141e3e1033132f997686a05409cbabd46b234782fabe@yahoo.com,PVNPKG,KPWCFVSWPQ,639475031268
8a349a5c73766264.0337e016a497defc5f@gmail.com,VYOTKPNLZT,BG,639265676741
8b19830b9dd24e8c_6a21d56cea24eda0@gmail.com,CZQYRQHJZW,UPXBDUUDEHGA,639459808833
8b814395fdc8c3d0a3fca324f47845@hotmail.com,YNZCLOLLK,IAJAPJ,639254338324
8cf73b11730e.731a130b9d@hotmail.com,NTFPUTZBJ,WLRPHTHHEHQU,639153185747
8d9f0156f6be450352057f13f27be9@hotmail.com,KDZBQVSKJ,AGKIJ,639056756658
90974c04cb0b800736ad18d9b5a57bac@protonmail.com,LSWZKGLFWCI,JLQQH,639087929551
914bb40ee8bca0657b_10870bfe@protonmail.com,YWJ,DZPIEMXF,639079553406
918005_4299819cb7@yahoo.com,RLDZ,JZHRSDMOPQED,639467951772
9226f1da11.3d719162@hotmail.com,EAZFGEGBMNSR,IXG,639161914163
938a7c3f795f494f02_cb18368ce4f2340abc@protonmail.com,ZWVEPPBWIBP,YILYFGRBPWDIF,639254594404
946f39ea4183@yahoo.com,GLELXL,UHCRQIETSV,639356269886
9583f9fb09ae.9c11@yahoo.com,TGVWDLC,DBSH,639282395092
95f86fcdddf426_bf0c33da929c@protonmail.com,SGSMNBTHJV,ASWFN,639167864663
963d9ef01598a34f0eb5e052fbcc05@hotmail.com,AQKTYJCYF,VNINSNI,639465420575
9673e767_15c24b3046f1f19960d892@hotmail.com,FZOKAZJY,KGQYUOTE,639387867491
9697a5c4_399ca03e47ddf12dd163f270b4@yahoo.com,TEZBPYEOCO,AMDRHMPFKPDWFW,639481984951
96c9526aa608f6afa8881441@protonmail.com,WSQPE,RO,639483712757
97243a25a5865f_c5c46f9726d4cb@yahoo.com,WVO,WNCCWPRNE,639167649628
9745811804b0.0a3971718fbaa7a7c9c55c85@hotmail.com,BNK,QTRBRUWGDKPHWY,639277780593
99017302bc319e_c0afd270fe9d627f6f@gmail.com,PWQCPTOHIAN,XHNZRFHXJM,639188186274
9963af89b847adcee66c.021dd0ef@hotmail.com,QVAHWWKMA,IX,639169707832
9973f9.deed96c646bc86@hotmail.com,FILFEXG,GLKJVFDYF,639388954353
9a8446d9_fe99ec680652e312422422@hotmail.com,VRVC,DRDQYZRE,639184460561
9b023e5a_599ee5@hotmail.com,UZYRBDDNNCE,JTALIXTAC,639483782114
9c99f0d1478126_d0f4a300@gmail.com,XMQLZVE,UT,639155277133
9ceb123d2f5c32cb4fac2a86.f005@protonmail.com,TDYW,EPPAFIHAICZC,639275674930
9ceb69025590f3d3c5618a74@yahoo.com,HCDJK,BFWNC,639065873663
9d02daddb2e0c435d9_f647cb3f19f6106639fc268b55@gmail.com,SAREWX,XZVAHVSRQGV,639458091981
9d0972e2c6_32a9@yahoo.com,PFZW,VNR,639158538944
9d172fb1fec398_1a5e9c9a2fd43422eaf3f2b9@gmail.com,PAVPXZZ,HTYDC,639358012768
9d64c0a55587391bb562ad9a9312@yahoo.com,HJDKDLJOMK,HDYWLY,639371552579
9da260e830c5607b5a73938c4160@hotmail.com,SYTWAT,BCDPWNEYSGVLRT,639276627238
9fcc7a961241c85886c9.2e6b8d1c44127c0c09@gmail.com,BART,RFQHXZXTK,639188208110
a03285964d32c5219bc76505@yahoo.com,JCYJZT,UKWFLCXNHEKHQ,639259077471
a064bc32c6.7da23db02edbec@hotmail.com,TRVBPOYCOT,QVHZCY,639252803884
a0b547d0673d32c6d9bc44c64ce12a858c187cfa90c1d8f0@hotmail.com,ZOREXOXXLN,ZQVXJUWVKKYOON,639462461309
a14e0f70.affcd48cf606868b85@gmail.com,RTVLCFHINDRS,JWYCCYVXV,639459596520
a1773c969f7035389157959341628bea0a81f5b1@protonmail.com,IFFRRCSXVT,PG,639278236808
a1cd3fd0d419e33ca706c09442b958@yahoo.com,BNJKJYAY,UGTTKNNDYF,639183491974
a1d6c65ca83f275b96965d9e9aa8ed8d668534@protonmail.com,BTING,GMZMKXDVEE,639176704655
a1ed1c.cee66fb5@protonmail.com,CMYITJS,UEZYJDM,639275954873
a21ffdc69d615499_e5c4e08c1d4f3767@protonmail.com,XCXSPIK,PEJUWXP,639172670724
a25b2c145ccb4c440e4dd4.dd165d@yahoo.com,WZSOIBSO,KOSNKGJQMSL,639071130532
a26c3351325c_c4a7ab7b3b540f6b@hotmail.com,KUCDGAVSG,JJMHANUZNBTPW,639077905622
a2f10c446722b196b38573ccedb52eddc9ea8f3da8@gmail.com,NEZZBG,RLHMZ,639057145392
a2f145dc0fe437.762fb3c3296c2fc0ce83d0@gmail.com,KOSJES,TJ,639181216457
a3245f1b15e5c43645_a4f499@yahoo.com,QBL,JNWFMPW,639151541530
a3386c78a53f.e8330c4ae8eb633b66@gmail.com,FNJETDXL,BPFHXMISHNM,639476936509
a3bb3111d6_f033c04c6347445fff@hotmail.com,LRDHWBM,JYMPXECWUXEZUR,639264396679
a402f9ccbd_cf83152a830f01ae9de8@gmail.com,HAZOBTFMVMQ,SKBF,639181669208
a50b9282_1eb6dc96c14d41be8f428219ab05@protonmail.com,ICLPW,THROG,639251605520
a556826af0d5bb8d_d478840e340146051d3e36ed@gmail.com,DNIM,WEZDLKB,639372359616
a5f334d497ad57_f5bf83@hotmail.com,EVX,PTAXCSSGYLV,639175078073
a7719abe_db79afbf09@yahoo.com,BBCKYFDAGILH,NCJRSGLKEIM,639085024718
a826980e3a4304484e34.5986adf7b45f@protonmail.com,MAGTB,GWOLSJCZYFF,639481678962
a8ab48b931a039e04cb3edb09c574d@protonmail.com,MWWHCPLRUCQT,KHSIQZJJVZ,639077120744
a9012e6dde7432c8f92b32.4cad33ed64@yahoo.com,LOVQC,BJWYF,639455717368
aa6768772309127a@yahoo.com,LKHZJSCA,BEOFT,639258137446
aaebdb923813_4f4ed4232da3fe@yahoo.com,TKQNPCUH,YSRWVDUMVRKMM,639181491981
ab5b6bc8524d7c7e9580a4853b5f57@yahoo.com,SUCIXGJFJOCL,VOERRCBV,639485164683
ab9cb65498e3dbc7e68a1de54a8fbd55c19c2c@protonmail.com,QODTFYK,HVLZTS,639184357589
abf5a960e0bf634d43892d.45345d2677f7026cc2449a@yahoo.com,EHHH,ZSAVREXCF,639382833336
ac81db83512838.11e90117abe9047a5605b7@protonmail.com,FNBSNKGZLI,YSMAOYQKYCLCNJ,639083859055
aca14bc88ffefab245ead1a47e@protonmail.com,OFUSAD,EBBFXPONUASAS,639273072524
acea2a90addbbe33@gmail.com,WNUGQ,HEBZBXOQIAZP,639154456615
ada57e99e1db2e91392e5dc6c4e24d@gmail.com,HYNAQOZ,IXDZDIGNXYX,639178415904
aec4ef75dcf85c78_51dc5ae919a9783774@yahoo.com,PRASIIVXEN,VRIZMCDVNYXOTV,639481254442
aef03062ad64@yahoo.com,KFGVMWHXAI,TQAPRZLPLUXJI,639064273425
aff63c1f1beb2f2872_15659857@yahoo.com,NXWZMARHC,HGZXVIFAKUKGTF,639162834516
b0b8151b5c194fe10b6ea668cb6bc39787a8@yahoo.com,MTGM,HMWKBGOBMKBL,639168607721
b1e47781682ed0b34d9903166127a90caad3@protonmail.com,DKMBN,TNLRJPYRFQDW,639483567886
b21fb78a6bcb37ed7c3f76dcb8fef5@protonmail.com,HFY,QLQIASWRAI,639281959429
b24227f6.16f8b4abd4e7@protonmail.com,ILLR,PDVZUZDUHJD,639257156073
b3355555e7a7560c6b2f7493_2b998a93f01757c8c2e1e6@protonmail.com,XNYPADPNAO,VSWIX,639384689760
b3b2810ef05837_74a3a981637fe2@protonmail.com,GYXJOSA,WZLOAYFGFQV,639377481111
b3ee719c0151282dbb_e58b0645cf0453addee97006fb4c@gmail.com,DIGEIOEMRZ,FEC,639156826786
b48813a6fe99af89f351_674acc5813577a@gmail.com,QXVWLRJVB,RYEQSVZRWPPUN,639177055504
b57c82ba936d13a01077b3ecd5044de959cabeaedc@yahoo.com,VYXGRBEGS,XHRLHRVWUA,639454317164
b5954b.2d8711bf@yahoo.com,BSO,AKYNJPFAESPSM,639077369594
b5feb67fb4572c2f048c735b.bbdb40c720@yahoo.com,ODMJJ,LFLFYPSU,639476251963
b64a36b3ff480f4cb676224fb3fb2456e800b2dfff@gmail.com,OGVPPAPUBCXU,QYN,639252509829
b6675c_3466e55c4b9695204de43e89e2@hotmail.com,IFDTQWIYSUYP,DJIIBIRACOUJPS,639279240749
b7acc043c430db.d5eb95c1b4a4@gmail.com,YEQACS,RBABEUCQUL,639487911907
b9246bf70f.abe7@protonmail.com,GVOPJBZT,TZGZLNIDRY,639173457355
b9fa781b280b1020.234770cc9b269c966aea192f@hotmail.com,KYSSHLLC,JVV,639483248405
bc5d2264ae2b187f_77af4b2f6e1fbc3ea4d78f7e31da@yahoo.com,NTOWXZGIQ,MTMOYLKVNVU,639287434693
bdafe7a78a38f8ec528a3b95.0a266cbe2f93ea28@hotmail.com,EZAPTZPZMZF,LDQNTYEODXBGMJ,639174025859
bdde110fc7_7f8e22@protonmail.com,UPLGNPIHKH,BUFUSUBU,639178881559
be6ec09dfe91c19b0f5dd3e3017bb7049d80997c2711@protonmail.com,KKWJXGZ,JAKWZCYKQAY,639361327302
bff350a3d325.8a81f83374e2d9@hotmail.com,AIAM,DYOWOFY,639281004699
c009109a8441d418.e1644fc162b4@hotmail.com,HUNGP,HFFTEZZNMJC,639466022367
c2c8535aabce.12ffe8908108359bfe@yahoo.com,GMQBRFGRRZ,SEOVV,639286521396
c3e1aa.d7fadd4b8c1e0272@gmail.com,XXOGWNPQUJ,RCITZCQ,639254879856
c44cd5b652bd080aa146f4f914c7961dbbb74abdd58896@hotmail.com,CQVYW,JPFCPRFDOB,639279143926
c4f5c7f28f7a60e809.e543c2612b46@yahoo.com,FDC,ZBN,639179635590
c5f5915929_73fa561e712a93697eea524dfe24@protonmail.com,JDGHT,NUQHUAPURZWEL,639175877435
c761371a05.4d0f8137ac0ac9e0fdd2cebec16f@hotmail.com,OWKQBWNRYNAV,PPVFOKQC,639254642104
c79340a1f103957e11b9_04b771d0@hotmail.com,IFBTWBS,RDZ,639272371227
c7a099c6b667_47eb701b7dec8eda191aa8c4a821@protonmail.com,OAEWV,BNTXFHDEWTLTZK,639263736658
c7bff11586dd21af1878f5.db7695fa7675553aaacaa93e433f@gmail.com,SLLWB,LJSQOLWBJ,639362384841
c90aee6f9f7dcc11c0c1f73189fa0edfad8c5fba@gmail.com,VUXBSNGLRIXD,SAJDWN,639352281707
c9fc34_9170ddc14fff25c3d01207ba73f0@gmail.com,AQVEZWN,HXMYFSLXADEVK,639479392450
cacf6887a797bf.e72d17a496f2@hotmail.com,VJVEILQYFLRU,XHTFIXJRV,639288324053
cbd7570d8b.a90797@yahoo.com,RFRUHVYLW,XIES,639153403751
ccab6d45a38cbee533_329d664a6291c99a32d7adbbbf@protonmail.com,PUFFUW,FJNUVVLLTPT,639467601731
cde38f2916_d4e03de169aa8341195c0a@gmail.com,PNJTVTCJTF,IYDHGOITKPZO,639156165075
ceaa91adfd08d29f5b8aa23d3fae9679b03c@protonmail.com,JFOLLUKFSBEI,KKM,639152085078
cebe242f01749743.1540f2db83@protonmail.com,PAHLLGJVDEGP,SSOY,639379901476
cf1237f42444c70b_ebe3c347d240da2f32@hotmail.com,STIQMTFKEOFH,QPPLL,639259719367
cfb860687627978caea93c@yahoo.com,BNO,CPTPNHPOWXELWO,639355200543
cff5480b74_a8ab4cb5f2d99c1d@protonmail.com,CTZSDU,XCUEIA,639272078426
d0368593e416470c5ec8.acc18e554d72@hotmail.com,HVQO,TORKNTNJZLA,639388877801
d057b60c1b8ad70cc61c3f993100@hotmail.com,NABWD,UYALNTKCCYFQ,639189534200
d0ecffab984addac88cb911081eacb9c4d@protonmail.com,UXYOW,MRVFUGVYXJSZZG,639375643722
d13a6dbd2050509d9efe00deafbe7f911409ebfc0d3d40cfeccc@yahoo.com,EFKCFDRNQ,LQWW,639353252141
d1d2b6951de4d7e7@protonmail.com,QTZ,SYUNPGAZW,639458243897
d294a898337b06.1758513c51c6e498bb54a3@gmail.com,EMSFPFZ,BYHLTXWALJN,639266672815
d398da1d700ee7d928_f2e1550bd30a@yahoo.com,YIXXLTYK,IHSLYNOWU,639162937076
d39a459023.ea2af29a3b0fa59e7b6687@hotmail.com,MQDFWGNSGU,EBXMQGZLW,639287847699
d3be42456be6bc24704980571c33fbbe4a7569ddf0f2@protonmail.com,ZMBQOUVXA,CHSH,639481883206
d4ac2495_3e32bb0647b2bf98ef3d96@gmail.com,MFUH,TIELBGRYD,639084578688
d4b6b6a4cbd28f70.772e957bdd2ef87936d2@yahoo.com,KUOICCRV,GFECHRBCDFMCY,639157291305
d4d9761246_e73fc5ded6f9390d59@hotmail.com,FWEOQYJTMV,BZUHAP,639265928891
d50dddb7ffd4417b36f38cc0dba5c9ee3a@gmail.com,JLH,EOJ,639473207798
d57d042726b1ad1632103d1b81@yahoo.com,KRYRAOZXU,HCCYD,639169522083
d5bbca6a7366ac905c5a.ea08e33abc1ea8@protonmail.com,RIRJ,OJQOFNSOXUDCSR,639153787797
d712665f8e9f1b63203d0c.355c90c6f3c4@gmail.com,FVAKTQWOPKY,AGTOBI,639166013717
d88865fc8c_95ab47e7a54ac7ea649a@hotmail.com,GCEVS,JDDP,639269897679
d89686c61481adc14cbc1b7d1f10@hotmail.com,ESFWSDVO,BCCMR,639251911160
d97ce3.f272b07c003f@hotmail.com,ETWGTVIMAKM,BEX,639374287731
dd51018008675df5c6@yahoo.com,ALGOBH,WLCIA,639465757376
de3f67818fde9c3ee0fdd4.bcef82e7ba9b9a3593@hotmail.com,MKYDOKQNDL,YSM,639463273546
ded543d74856ce2d69f9.e89d684b@protonmail.com,DDVKY,GUKJOH,639166511060
df5c0c06a77664be19b4138fe9a22cab1e4f4d98726900af@protonmail.com,ZMOS,YP,639378259332
dfb977c184b7e3.938002ef4558@yahoo.com,GJQYMY,NIKH,639152260266
e0fb91295f62b9_1d1e99fb3a466bd3d4444d0645@hotmail.com,SSDILY,TRHDSNGOIPMKB,639289373911
e134a2c66c_45cf291b2d770f02c56faf668f@yahoo.com,GWQAIUZ,AZLXUPYHL,639168524456
e1c42814e3a4a653a4480aea.c318e872@hotmail.com,QOALBERWOWN,QAEFQB,639269864155
e28d7e90_33f6e3dc85@gmail.com,NVMDOI,SNTME,639165589222
e4e7e99281.942dc38fc1699a@gmail.com,FBWLMTZ,QSITA,639479510743
e620377913693794c132b47b6b78de30f8@yahoo.com,NVOIHH,PV,639056739172
e72d2863d0d0_9a1b36f396c4d00cfc8a2f@protonmail.com,GAY,DKYY,639383838335
e75f85ee6a3859d76d70@yahoo.com,OCOLFZDKCGGT,DOKNAPVRI,639264053351
e7b3a034fa82d308e2.6f1a1b3b3371@hotmail.com,JDLKMSANM,YRSXDRRCROUDUY,639188475009
e8fd950f.77da0284be@protonmail.com,VADDRIQK,BBATFGGZSZZSUD,639256315586
e91e4341a0dea9_2daa31734ae71083994a@yahoo.com,XESMWAIMI,YWDCWWZZKDM,639077368191
ea43291bad238e.4518@yahoo.com,VAO,FXQTYME,639161612290
ea66e3c6245fe71921ab_aa078b@gmail.com,TWTXIYX,PWVIAAOCDXT,639067499320
eb76c47eac00a6.a5c4dd990c9b3e6fa031cf72@protonmail.com,YGSLWQDIX,CUELEQQHTIGENM,639159060230
ebea438fc3c836b5c49d5eaff24a53cd5e12e5ce6b@hotmail.com,FARJYTTZ,YRPZSISTY,639268115503
ebefcb72bc6269.4645bb992a@protonmail.com,FFIA,WROROMAO,639284689974
ec29ac325b.e3e7@protonmail.com,NFIHZLC,WXUNL,639466286871
ec5189747a043d6be5e049f941@yahoo.com,MXVZNJOPVJZM,XQFDBP,639079639660
ec9a3c86ea69af55d6081b@gmail.com,AMCH,FSSFGCVHUCFS,639387677211
eec138a04eece7e09f9c.843e9b1f7339cd9826cfaaac@protonmail.com,RGH,GXEPC,639451491244
ef016b038735c4596ff7_66e797e78e18fde9de1f1fcbfd@hotmail.com,EYHOWCZVQM,ZVYPIKF,639189869055
ef150039_2e092ef506a448f56b41875b@yahoo.com,EDV,EY,639456340961
ef74075043@protonmail.com,UENWAOZJM,GNWQW,639161908571
f12a1012c7_bc510692609af614f150@yahoo.com,NWSVZUGEXQTV,DJLEEXZTMQQI,639154006607
f31dab62427d34.ca53fa1cbb96c3fcc0@hotmail.com,LONPW,QSHDDFF,639359235322
f37f7b_c60769@yahoo.com,FHLGFGKUKPTF,NDBMWPZEYSSTEI,639287359464
f3cda4da6c6157fbec08659fb7f84d8a@yahoo.com,TIG,HD,639189218070
f53eaf04b756.96715492b6c7@hotmail.com,MHEMKGNPKSS,YFKKCOOGTMD,639054948334
f6386c712cb25200290c0c4a8d39579a@yahoo.com,WWQWFUU,ARZRANJVLH,639155152487
f64783.9560685379@gmail.com,MAJEX,LAZKGLWFMH,639488150936
f664824c7ae332371c71_a39910975f82795af7@hotmail.com,FBWONVKCPAFX,NDXCOMQEIJTRS,639369863338
f75b3c02b828ffeaaf.b4f2e0e5c77a97cf@protonmail.com,ZMZ,NZBZTS,639158445048
f7a4c5ac4994f461.b1128e@gmail.com,PIVHEDGG,BMUQN,639489878605
f7b3f1a288b806c8c0.80514ecc2c792b@gmail.com,QTOQ,HIKTC,639374993459
f862db773b4677b2a87110_598c48@gmail.com,CVKUZVZZEN,LYDXUZMCUKYEKF,639258989676
f890256ad86b41124210a820258cac5101f0@hotmail.com,FRH,LWGOHM,639478145245
f8962cb277d23dfcac6b49.e0583a58e22a5207d1@protonmail.com,GKFUA,QGZNDWLOPVFH,639185330869
f97ed2bd81293d_dc9fb3a0c7@protonmail.com,WMKZKHIKYE,YWDMXKNBXIDNUT,639287878723
f9c6b1407381_7776c626db23@protonmail.com,JJQWDANAFGTS,KZBZOQGFU,639154113301
fb900f7ce349a74d81ad.c45dd761d3c1@gmail.com,JSYETFPVPRE,GK,639059076196
fc7e1b_07b3ece8905f7cc996aa@gmail.com,RAFFJHA,IQSQFMYMKGYQRA,639269422880
fc9a45b1f2.36f38a@gmail.com,OGOWWYQ,UHJEULIDQHDHI,639186624329
fd1bc17411fd485a.ae8c@gmail.com,WUYIK,NAUGAVIUFNTUT,639357097550
fd2841.01426cc269c99a8abe1a@hotmail.com,SZAUNTZO,VYCKXESTE,639051308749
fefe47e6276367d2f8b1f8.a6f4c9@hotmail.com,EGTKHW,HTZ,639278250268
